cancer,p.value,OR,overlap,geneset,p.adj
BLCA,9.28165717727413e-14,5.49018991189313,35,constraint,8.35349145954672e-13
BRCA,5.43861993662071e-26,12.9630793119,40,constraint,4.89475794295863e-25
CESC,2.02602091992897e-24,9.61536501647685,44,constraint,1.82341882793607e-23
COAD,1.28029284567445e-20,6.31153157276342,49,constraint,1.152263561107e-19
GBM,2.08051271793721e-25,12.3474192249157,40,constraint,1.87246144614349e-24
HNSC,8.13150855123624e-23,7.98946855653405,46,constraint,7.31835769611262e-22
LGG,4.64570632926546e-05,6.48294791029839,9,constraint,0.000418113569633892
LUAD,1.24471705651013e-09,8.26709865635719,17,constraint,1.12024535085912e-08
STAD,5.09013373100106e-13,5.65843044263664,32,constraint,4.58112035790095e-12
