"cancer","p.value","OR","overlap","geneset","p.adj"
"BLCA",1.11976984650189e-06,3.80542848778979,21,"shRNA",7.83838892551323e-06
"BRCA",1.62815134988516e-15,9.09435917325035,27,"shRNA",1.13970594491962e-14
"COAD",1.39328165450887e-06,3.37674256827739,24,"shRNA",9.75297158156209e-06
"GBM",4.43846018432459e-05,3.94452467554212,14,"shRNA",0.000310692212902721
"HNSC",1.06784326283116e-10,5.1896651728431,27,"shRNA",7.47490283981814e-10
"LUAD",1.57797443941869e-06,6.66721864395634,12,"shRNA",1.10458210759309e-05
"STAD",4.55349765647859e-05,3.36307514659696,17,"shRNA",0.000318744835953501
